{
    "repose_angle": 33.0,
    "density_mass": 1000.0,
    "solid_packing": 0.25,
    "particle_diameter": 0.00005,
    "molecular_mass": 0.1019613,
    "step_temperature": 2327,
    "shomate_poly_lo": [
        108.683,
        37.2263,
        -14.2065,
        2.193601,
        -3.209881,
        -1701.6,
        155.136,
        -1656.86
    ],
    "shomate_poly_hi": [
        108.683,
        37.2263,
        -14.2065,
        2.193601,
        -3.209881,
        -1701.6,
        155.136,
        -1656.86
    ],
    "thermal_conductivity_poly": [
        0,
        0,
        0,
        0,
        30.0
    ],
    "thermal_conductivity_min": 30.0,
    "thermal_conductivity_max": 30.0
}