{
    "species": [
        {
            "name": "CH4",
            "molecular_mass": 0.016043,
            "step_temperature": 1000.0,
            "nasa7_poly_lo": [
                5.14987613,
                -0.0136709788,
                0.0000491800599,
                -4.84743026e-8,
                1.66693956e-11,
                -10246.6476,
                -4.64130376
            ],
            "nasa7_poly_hi": [
                0.074851495,
                0.0133909467,
                -0.00000573285809,
                1.22292535e-9,
                -1.0181523e-13,
                -9468.34459,
                18.437318
            ]
        },
        {
            "name": "O2",
            "molecular_mass": 0.031998,
            "step_temperature": 1000.0,
            "nasa7_poly_lo": [
                3.78245636,
                -0.00299673416,
                0.00000984730201,
                -9.68129509e-9,
                3.24372837e-12,
                -1063.94356,
                3.65767573
            ],
            "nasa7_poly_hi": [
                3.28253784,
                0.00148308754,
                -7.57966669e-7,
                2.09470555e-10,
                -2.16717794e-14,
                -1088.45772,
                5.45323129
            ]
        },
        {
            "name": "CO2",
            "molecular_mass": 0.044009,
            "step_temperature": 1000.0,
            "nasa7_poly_lo": [
                2.35677352,
                0.00898459677,
                -0.00000712356269,
                2.45919022e-9,
                -1.43699548e-13,
                -48371.9697,
                9.90105222
            ],
            "nasa7_poly_hi": [
                3.85746029,
                0.00441437026,
                -0.00000221481404,
                5.23490188e-10,
                -4.72084164e-14,
                -48759.166,
                2.27163806
            ]
        },
        {
            "name": "H2O",
            "molecular_mass": 0.018015,
            "step_temperature": 1000.0,
            "nasa7_poly_lo": [
                4.19864056,
                -0.0020364341,
                0.00000652040211,
                -5.48797062e-9,
                1.77197817e-12,
                -30293.7267,
                -0.849032208
            ],
            "nasa7_poly_hi": [
                3.03399249,
                0.00217691804,
                -1.64072518e-7,
                -9.7041987e-11,
                1.68200992e-14,
                -30004.2971,
                4.9667701
            ]
        },
        {
            "name": "AR",
            "molecular_mass": 0.03995,
            "step_temperature": 1000.0,
            "nasa7_poly_lo": [
                2.5,
                0,
                0,
                0,
                0,
                -745.375,
                4.366
            ],
            "nasa7_poly_hi": [
                2.5,
                0,
                0,
                0,
                0,
                -745.375,
                4.366
            ]
        },
        {
            "name": "N2",
            "molecular_mass": 0.028014,
            "step_temperature": 1000.0,
            "nasa7_poly_lo": [
                3.298677,
                0.0014082404,
                -0.000003963222,
                5.641515e-9,
                -2.444854e-12,
                -1020.8999,
                3.950372
            ],
            "nasa7_poly_hi": [
                2.92664,
                0.0014879768,
                -5.68476e-7,
                1.0097038e-10,
                -6.753351e-15,
                -922.7977,
                5.980528
            ]
        }
    ]
}